{
  "root_group": {
    "name": "",
    "path": "",
    "id": "d41d8cd98f00b204e9800998ecf8427e",
    "groups": [],
    "checks": [
        {
          "name": "01 ws:101",
          "path": "::01 ws:101",
          "id": "28e065d2c22713601b51306c0e35a2d5",
          "passes": 446,
          "fails": 0
        }
      ]
  },
  "options": {
    "noColor": false,
    "summaryTrendStats": [
      "avg",
      "min",
      "med",
      "max",
      "p(90)",
      "p(95)",
      "p(99)"
    ],
    "summaryTimeUnit": ""
  },
  "state": {
    "isStdOutTTY": false,
    "isStdErrTTY": false,
    "testRunDurationMs": 504690.1456
  },
  "metrics": {
    "http_req_waiting": {
      "type": "trend",
      "contains": "time",
      "values": {
        "min": 50.5017,
        "med": 78.73965,
        "max": 1167.5054,
        "p(90)": 105.41519000000002,
        "p(95)": 175.07669000000072,
        "p(99)": 969.0196579999988,
        "avg": 133.08789499999995
      }
    },
    "http_req_receiving": {
      "contains": "time",
      "values": {
        "p(95)": 0.5198400000000001,
        "p(99)": 0.521968,
        "avg": 0.12969999999999998,
        "min": 0,
        "med": 0,
        "max": 0.5225,
        "p(90)": 0.51862
      },
      "type": "trend"
    },
    "http_req_tls_handshaking": {
      "type": "trend",
      "contains": "time",
      "values": {
        "med": 0,
        "max": 0,
        "p(90)": 0,
        "p(95)": 0,
        "p(99)": 0,
        "avg": 0,
        "min": 0
      }
    },
    "ws_connecting": {
      "contains": "time",
      "values": {
        "avg": 117.33081973094187,
        "min": 0.5017,
        "med": 1.73245,
        "max": 1026.2608,
        "p(90)": 904.6327,
        "p(95)": 968.4887,
        "p(99)": 1009.6465650000001
      },
      "type": "trend"
    },
    "ws_msgs_received": {
      "contains": "default",
      "values": {
        "count": 6150,
        "rate": 12.185694635841529
      },
      "type": "counter"
    },
    "checks": {
      "contains": "default",
      "values": {
        "fails": 0,
        "rate": 1,
        "passes": 446
      },
      "type": "rate"
    },
    "baseline_bet_duration_ms": {
      "type": "trend",
      "contains": "time",
      "values": {
        "avg": 9.576771653543307,
        "min": 2,
        "med": 4,
        "max": 234,
        "p(90)": 25.800000000000068,
        "p(95)": 46,
        "p(99)": 61.93000000000001
      },
      "thresholds": {
        "p(95)<25": {
          "ok": false
        },
        "p(99)<50": {
          "ok": false
        }
      }
    },
    "vus_max": {
      "type": "gauge",
      "contains": "default",
      "values": {
        "value": 50,
        "min": 50,
        "max": 50
      }
    },
    "http_req_failed": {
      "type": "rate",
      "contains": "default",
      "values": {
        "rate": 0,
        "passes": 0,
        "fails": 20
      }
    },
    "ws_sessions": {
      "type": "counter",
      "contains": "default",
      "values": {
        "count": 446,
        "rate": 0.8837105378187515
      }
    },
    "ws_msgs_sent": {
      "type": "counter",
      "contains": "default",
      "values": {
        "rate": 12.185694635841529,
        "count": 6150
      }
    },
    "baseline_bets_succeeded": {
      "values": {
        "count": 508,
        "rate": 1.0065581910581296
      },
      "type": "counter",
      "contains": "default"
    },
    "http_reqs": {
      "type": "counter",
      "contains": "default",
      "values": {
        "count": 20,
        "rate": 0.039628275238509036
      }
    },
    "data_sent": {
      "contains": "data",
      "values": {
        "count": 1161644,
        "rate": 2301.6974080581294
      },
      "type": "counter"
    },
    "baseline_bets_insufficient_balance": {
      "type": "counter",
      "contains": "default",
      "values": {
        "count": 5196,
        "rate": 10.295425906964647
      }
    },
    "http_req_duration": {
      "type": "trend",
      "contains": "time",
      "values": {
        "med": 78.73965,
        "max": 1167.5054,
        "p(90)": 105.93458000000003,
        "p(95)": 175.56746000000075,
        "p(99)": 969.1178119999986,
        "avg": 133.217595,
        "min": 50.5017
      }
    },
    "http_req_duration{expected_response:true}": {
      "type": "trend",
      "contains": "time",
      "values": {
        "avg": 133.217595,
        "min": 50.5017,
        "med": 78.73965,
        "max": 1167.5054,
        "p(90)": 105.93458000000003,
        "p(95)": 175.56746000000075,
        "p(99)": 969.1178119999986
      }
    },
    "http_req_sending": {
      "type": "trend",
      "contains": "time",
      "values": {
        "avg": 0,
        "min": 0,
        "med": 0,
        "max": 0,
        "p(90)": 0,
        "p(95)": 0,
        "p(99)": 0
      }
    },
    "ws_session_duration": {
      "type": "trend",
      "contains": "time",
      "values": {
        "p(90)": 60891.552800000005,
        "p(95)": 60960.14915,
        "p(99)": 61010.33705,
        "avg": 53680.79825089685,
        "min": 10351.3796,
        "med": 60002.1147,
        "max": 61026.7375
      }
    },
    "baseline_ws_connects": {
      "type": "counter",
      "contains": "default",
      "values": {
        "count": 446,
        "rate": 0.8837105378187515
      }
    },
    "http_req_blocked": {
      "contains": "time",
      "values": {
        "p(99)": 0.8359199999999987,
        "avg": 0.0516,
        "min": 0,
        "med": 0,
        "max": 1.032,
        "p(90)": 0,
        "p(95)": 0.051600000000000736
      },
      "type": "trend"
    },
    "iterations": {
      "type": "counter",
      "contains": "default",
      "values": {
        "count": 446,
        "rate": 0.8837105378187515
      }
    },
    "vus": {
      "type": "gauge",
      "contains": "default",
      "values": {
        "value": 1,
        "min": 0,
        "max": 50
      }
    },
    "http_req_connecting": {
      "values": {
        "p(90)": 0,
        "p(95)": 0.02578500000000037,
        "p(99)": 0.4177169999999994,
        "avg": 0.025785000000000002,
        "min": 0,
        "med": 0,
        "max": 0.5157
      },
      "type": "trend",
      "contains": "time"
    },
    "baseline_bet_error_rate": {
      "type": "rate",
      "contains": "default",
      "values": {
        "rate": 0,
        "passes": 0,
        "fails": 508
      },
      "thresholds": {
        "rate<0.005": {
          "ok": true
        }
      }
    },
    "data_received": {
      "type": "counter",
      "contains": "data",
      "values": {
        "count": 740075,
        "rate": 1466.3947898569788
      }
    },
    "iteration_duration": {
      "values": {
        "p(95)": 63001.563425,
        "p(99)": 63739.857665,
        "avg": 55743.83802869956,
        "min": 12335.1404,
        "med": 62022.67805,
        "max": 63828.227,
        "p(90)": 62898.365
      },
      "type": "trend",
      "contains": "time"
    }
  },